supplier_id,supplier_name,country,reliability_score,lead_time_days,contract_type,co2_modifier_per_kg,specialization,min_order_qty,supplier_risk_score,green_supplier_flag,reliability_tier,low_reliability_flag,long_leadtime_flag
SUPP_9aed063e,Laurent et Fils,Italie,0.8696714153011232,18.0,inconnu,-0.069,"Alimentation, Vêtements",443.0,2.345914524579782,1,high,0,0
SUPP_c2617adc,Moulin,Chine,0.8847688538100692,4.0,exclusif,0.762,Maison,404.0,0.4609245847597232,0,high,0,0
SUPP_8d1e0e5d,Joly Gallet SA,France,0.7965846625276664,30.0,cadre,-0.117,Vêtements,228.0,6.102460124170009,1,medium,0,0
SUPP_a03d0ed6,Maury S.A.R.L.,France,0.9779212815507392,58.0,cadre,0.384,Électronique,86.0,1.280565670057126,0,high,0,1
SUPP_fc43d434,Martinez SA,Italie,0.7730525614065047,11.0,cadre,0.271,Vêtements,31.0,2.4964218245284484,0,medium,0,0
SUPP_cff4a58a,Rey Bodin S.A.S.,Chine,0.7736582307187537,15.0,cadre,-0.233,Électronique,351.0,3.395126539218694,1,medium,0,0
SUPP_a1b76463,Guilbert S.A.,Chine,0.8441962271566034,28.0,spot,-0.957,Hygiène,393.0,4.362505639615106,1,medium,0,0
SUPP_9981eb16,Vasseur,Chine,0.6475082167486966,53.0,spot,-0.281,Alimentation,461.0,18.68206451231908,1,low,1,0
SUPP_30c28622,Pruvost,Chine,0.7187168879665575,23.0,spot,0.157,Alimentation,220.0,6.469511576769177,0,medium,0,0
SUPP_91e16e31,Robert,France,0.7291975924478789,46.0,exclusif,-0.706,"Alimentation, Vêtements",456.0,12.456910747397572,1,medium,0,0
SUPP_37a3ac88,unknown,Allemagne,0.9665648768921552,54.0,inconnu,41.293199999999985,Maison,189.0,1.8054966478236192,0,high,0,0
SUPP_03e7aea8,unknown,inconnu,0.8267528204687923,44.0,exclusif,-0.712,Alimentation,252.0,7.62287589937314,1,medium,0,0
SUPP_8246bf02,Ledoux Marques SA,États-Unis,0.7655617275474816,19.0,cadre,0.055,Électronique,270.0,4.4543271765978485,0,medium,0,0
SUPP_cc91058b,Gillet SA,Allemagne,0.7049006422577697,3.0,exclusif,0.188,Hygiène,143.0,0.8852980732266909,0,medium,0,0
SUPP_b650d946,Barre,France,0.7599361310081194,40.0,cadre,-0.146,Vêtements,383.0,9.602554759675224,1,medium,0,0
SUPP_ca135763,Bertrand,Espagne,0.7598293387770603,38.0,exclusif,0.926,"Maison, Électronique",32.0,9.12648512647171,0,medium,0,0
SUPP_3443b9a7,Regnier,Espagne,0.8186502775262066,6.0,spot,-0.529,"Électronique, Alimentation",481.0,1.0880983348427606,1,medium,0,0
SUPP_a719ac3d,Hoareau SA,Portugal,0.9022544912103188,9.0,spot,-0.61,Vêtements,163.0,0.8797095791071312,1,high,0,0
SUPP_9fc3bc52,Techer,Allemagne,0.8408863595004755,46.0,cadre,-0.98,Maison,75.0,7.319227462978126,1,medium,0,0
SUPP_e9d03f4a,Verdier,Portugal,0.6871813951101569,59.0,exclusif,0.098,Maison,301.0,18.456297688500747,0,low,1,1
SUPP_b6bf98c1,Fischer Muller SA,Chine,0.893846657999541,21.0,cadre,0.086,Hygiène,230.0,2.229220182009639,0,high,0,0
SUPP_3493478b,Leleu Charpentier SA,Espagne,0.8084351717611759,30.0,cadre,-0.151,"Hygiène, Vêtements",271.0,5.746944847164724,1,medium,0,0
SUPP_2b1f778c,Roussel Gillet SARL,Portugal,0.6721478009632572,20.0,cadre,-0.36,Alimentation,334.0,6.557043980734855,1,low,1,0
SUPP_3718a0f4,Bousquet,Portugal,0.7739361229040211,16.0,spot,0.529,"Électronique, Alimentation",85.0,3.6170220335356618,0,medium,0,0
SUPP_b09c736e,Goncalves,États-Unis,0.8543618289568461,41.0,spot,-0.882,Alimentation,47.0,5.97116501276931,1,high,0,0
SUPP_ddb2f50b,Monnier,France,0.8524083969394795,46.0,cadre,-0.193,Hygiène,214.0,6.7892137407839455,1,high,0,0
SUPP_f18a9d54,Leconte Da Costa et Fils,Chine,0.7523077999694041,57.0,spot,0.306,Électronique,64.0,14.118455401743965,0,medium,0,1
SUPP_899a96c5,Raynaud et Fils,Chine,0.9230999522495952,46.0,cadre,0.466,"Alimentation, Hygiène",35.0,3.537402196518622,0,high,0,0
SUPP_682e4115,Joubert Chauveau S.A.,Espagne,0.7360782476777361,53.0,cadre,-0.155,Électronique,281.0,13.987852873079987,1,medium,0,0
SUPP_637c7e03,Pinto Gillet SARL,États-Unis,0.8531263431403564,59.0,cadre,0.488,"Hygiène, Vêtements",427.0,8.665545754718972,0,high,0,1
SUPP_4b8dd79f,Pottier Germain SA,Chine,0.8218418379189552,37.0,cadre,-0.093,"Hygiène, Maison",91.0,6.59185199699866,1,medium,0,0
SUPP_9d355b98,David Gomes S.A.R.L.,Allemagne,0.7093665025993972,17.0,spot,-0.598,"Maison, Hygiène",151.0,4.940769455810249,1,medium,0,0
SUPP_04f10023,François,Portugal,0.9012525822394196,19.0,cadre,0.678,"Hygiène, Maison",375.0,1.8762009374510273,0,high,0,0
SUPP_7f051424,Duhamel Wagner SARL,Allemagne,0.8127989878419666,59.0,cadre,0.502,Vêtements,80.0,11.044859717323972,0,medium,0,1
SUPP_c9381122,Bègue Didier S.A.R.L.,Portugal,0.8561636025047634,47.0,cadre,-0.323,Maison,222.0,6.760310682276119,1,high,0,0
SUPP_d673914b,Meunier,Espagne,0.8561395605508414,5.0,cadre,0.769,Hygiène,225.0,0.719302197245793,0,high,0,0
SUPP_ce99860d,Joly,États-Unis,0.8164173960890048,3.0,spot,0.782,Hygiène,401.0,0.5507478117329857,0,medium,0,0
SUPP_56259829,Vallet Guilbert S.A.S.,France,0.5580254895910255,24.0,cadre,0.411,Maison,252.0,10.607388249815388,0,low,1,0
SUPP_4e039c10,Letellier,Espagne,0.828704706823817,19.0,cadre,-0.15,"Maison, Alimentation",24.0,3.2546105703474764,1,medium,0,0
SUPP_f873b49c,Guillon,Chine,0.8291760776535502,55.0,cadre,-0.994,Maison,75.0,9.39531572905474,1,medium,0,0
SUPP_102f2ea1,Étienne,États-Unis,0.7980328112162488,39.0,cadre,0.179,"Hygiène, Électronique",23.0,7.876720362566297,0,medium,0,0
SUPP_8374c33f,Dos Santos Grégoire S.A.R.L.,France,0.9677894044741516,31.0,exclusif,-0.259,Maison,143.0,0.9985284613012996,1,high,0,0
SUPP_a0b191ff,Faivre SA,Espagne,0.7391506397106812,23.0,spot,-0.251,Alimentation,204.0,5.999535286654333,1,medium,0,0
SUPP_cc82cc7f,Brunet et Fils,Allemagne,0.9115402117702074,7.0,cadre,0.164,Maison,393.0,0.6192185176085483,0,high,0,0
SUPP_85e6917b,Bazin Briand S.A.S.,Allemagne,0.767023979623296,6.0,spot,0.257,Vêtements,343.0,1.3978561222602237,0,medium,0,0
SUPP_b5e1f714,Collin S.A.R.L.,États-Unis,0.829707754934804,14.0,spot,0.484,Électronique,328.0,2.3840914309127443,0,medium,0,0
SUPP_d9ce5751,Evrard,Espagne,0.7497946906122647,9.0,cadre,-0.164,Alimentation,121.0,2.251847784489618,1,medium,0,0
SUPP_3a70a568,Lenoir,Chine,0.7807891846867842,12.0,cadre,-0.732,Vêtements,392.0,2.63052978375859,1,medium,0,0
SUPP_3234d0bf,Bazin et Fils,France,0.8496120277064576,3.0,spot,0.131,"Alimentation, Vêtements",304.0,0.4511639168806272,0,medium,0,0
SUPP_bacc6111,Normand S.A.S.,États-Unis,0.820511345664246,14.0,exclusif,-0.117,"Maison, Hygiène",363.0,2.512841160700556,1,medium,0,0
SUPP_822668bb,Lecoq,Portugal,0.6784629257949585,21.0,spot,-0.21,"Alimentation, Électronique",317.0,6.752278558305872,1,low,1,0
SUPP_0b54f4ad,Marie,Allemagne,0.785728548347323,29.0,unknown,14.81,"Hygiène, Électronique",252.0,6.213872097927633,0,medium,0,0
SUPP_d43ea441,Gay,France,0.803871428833399,28.0,spot,0.202,Vêtements,64.0,5.491599992664828,0,medium,0,0
SUPP_9f5b4419,De Sousa Bernard et Fils,Portugal,1.0,55.0,cadre,0.087,Vêtements,88.0,0.0,0,high,0,0
SUPP_2104714d,Charrier,États-Unis,0.8457550390722763,19.0,cadre,-0.037,Hygiène,480.0,2.93065425762675,1,medium,0,0
SUPP_6f23d8c9,Guillou Gautier et Fils,Espagne,0.6281228784700958,54.0,spot,-0.013,Maison,147.0,20.081364562614823,1,low,1,0
SUPP_a461dd56,Riou,Chine,0.8260230209941026,7.0,extra,1.232,Alimentation,240.0,1.2178388530412816,0,medium,0,0
SUPP_ddd01296,Brunet Besson S.A.,Italie,0.8007639035218876,44.0,cadre,0.151,Maison,24.0,8.766388245036943,0,medium,0,0
SUPP_3fb53f44,Joseph SARL,France,0.8165288230294756,15.0,cadre,-0.584,Vêtements,142.0,2.752067654557866,1,medium,0,0
SUPP_97d88f4b,Moreau,Chine,0.934282281451502,19.0,cadre,0.376,Hygiène,274.0,1.2486366524214612,0,high,0,0
SUPP_8d7a25d3,Étienne SARL,Chine,0.8991031947043047,33.0,cadre,-0.455,"Électronique, Alimentation",133.0,3.3295945747579463,1,high,0,0
SUPP_f36af9d1,Boyer Guillot S.A.S.,Chine,0.96027943109361,7.0,cadre,-0.701,"Maison, Hygiène",217.0,0.2780439823447298,1,high,0,0
SUPP_70c78fc4,Clément et Fils,Espagne,0.878685709380027,35.0,cadre,1.095,"Vêtements, Hygiène",391.0,4.246000171699055,0,high,0,0
SUPP_6f568ae9,Muller,Chine,0.7209463674869311,19.0,cadre,-0.283,Vêtements,128.0,5.302019017748309,1,medium,0,0
SUPP_ec195ba8,Rodriguez Delmas S.A.R.L.,Allemagne,0.829965136508764,49.0,cadre,-0.252,Alimentation,400.0,8.331708311070562,1,medium,0,0
BADID,unknown,Chine,0.6649336568933867,19.0,spot,0.034,"Alimentation, Hygiène",399.0,6.366260519025653,0,low,1,0
SUPP_a0e8ef3c,unknown,États-Unis,0.7137696286273895,55.0,unknown,0.237,Vêtements,252.0,15.74267042549358,0,medium,0,0
SUPP_eaeef6bb,Delannoy Langlois S.A.R.L.,France,0.7280575765766196,36.0,exclusif,0.775,Vêtements,33.0,9.789927243241694,0,medium,0,0
SUPP_67063224,Navarro,Portugal,0.7416746707663763,10.0,cadre,-0.161,"Hygiène, Vêtements",395.0,2.583253292336237,1,medium,0,0
BADID,Mathieu,Italie,0.9013517217369668,32.0,cadre,-0.615,Électronique,184.0,3.1567449044170637,1,high,0,0
SUPP_78ae7541,Jean Andre SARL,Allemagne,0.8427459934604129,57.0,cadre,0.654,Électronique,430.0,8.963478372756464,0,medium,0,1
SUPP_cffd128a,Pruvost S.A.S.,France,0.6592516765438772,42.0,cadre,0.092,Maison,87.0,14.311429585157159,0,low,1,0
BADID,Pruvost Vasseur SA,États-Unis,0.8459882794248423,7.0,spot,0.391,Hygiène,70.0,1.0780820440261036,0,medium,0,0
SUPP_1d896370,Neveu et Fils,Portugal,0.6963049289121918,52.0,cadre,-0.66,Maison,407.0,15.79214369656603,1,low,1,0
SUPP_83bdbb5c,Rolland SA,États-Unis,0.8721941565616897,21.0,spot,0.148,Maison,229.0,2.6839227122045153,0,high,0,0
SUPP_eb7baf41,Rémy SA,France,0.8450492850345876,49.0,exclusif,41.293199999999985,Hygiène,252.0,7.592585033305205,0,medium,0,0
SUPP_8104523d,Lopes Laroche S.A.R.L.,Allemagne,0.7519975278421509,7.0,exclusif,0.116,Alimentation,98.0,1.7360173051049437,0,medium,0,0
SUPP_9fc9d686,Gimenez Payet et Fils,France,0.8493072473298681,30.0,cadre,-0.357,Alimentation,250.0,4.520782580103958,1,medium,0,0
SUPP_5d66e419,Berger,Allemagne,1.0,20.0,spot,0.237,Alimentation,242.0,0.0,0,high,0,0
SUPP_bd34f363,Cordier,États-Unis,0.7008696502797351,52.0,spot,0.328,Alimentation,311.0,15.554778185453774,0,medium,0,0
SUPP_cc64b685,Gauthier Pereira et Fils,France,0.7225318329772679,16.0,cadre,0.394,"Alimentation, Maison",252.0,4.439490672363714,0,medium,0,0
SUPP_215ee9b4,Monnier,France,0.9358595579007404,12.0,spot,-0.41,Alimentation,314.0,0.7696853051911154,1,high,0,0
SUPP_6d7f2801,Bouchet,Espagne,0.9163376129244322,31.0,cadre,0.206,"Hygiène, Vêtements",368.0,2.5935339993426028,0,high,0,0
SUPP_c6b0ed2e,Chauveau,Italie,0.9022060159994488,33.0,cadre,0.948,Vêtements,316.0,3.2272014720181885,0,high,0,0
SUPP_169d3b95,Maillet et Fils,Chine,0.7954611883997129,40.0,cadre,-0.377,Maison,56.0,8.181552464011483,1,medium,0,0
SUPP_a90a2149,Bonnet S.A.R.L.,Italie,0.7310485570374476,3.0,spot,-0.408,Hygiène,354.0,0.8068543288876571,1,medium,0,0
SUPP_4ea5187c,Nicolas,Chine,0.8122898290585895,13.0,cadre,0.171,"Hygiène, Électronique",343.0,2.4402322222383366,0,medium,0,0
SUPP_3a818b09,Olivier Aubert S.A.S.,France,0.8476690799330019,39.0,cadre,0.414,Vêtements,426.0,5.940905882612927,0,medium,0,0
SUPP_0f843327,Joly,Espagne,0.8213001891877907,28.0,cadre,0.727,Électronique,353.0,5.003594702741861,0,medium,0,0
SUPP_3fba4108,Vidal,unknown,0.7935343166762043,46.0,cadre,1.36,Alimentation,349.0,9.497421432894601,0,medium,0,0
BADID,Pinto,Espagne,0.8825667347765006,22.0,cadre,-0.429,"Hygiène, Électronique",69.0,2.583531834916987,1,high,0,0
SUPP_e9444c70,Sanchez Pichon S.A.S.,Portugal,0.7129107501938887,36.0,cadre,0.241,"Maison, Électronique",37.0,10.335212993020006,0,medium,0,0
SUPP_49c6d9ef,Girard et Fils,Portugal,0.7976537214674149,33.0,cadre,0.357,Vêtements,399.0,6.677427191575309,0,medium,0,0
SUPP_954df8b7,Morin S.A.,Italie,0.8673237624573544,20.0,cadre,-0.036,Vêtements,367.0,2.6535247508529114,1,high,0,0
SUPP_f215d209,Cordier Vallée S.A.R.L.,États-Unis,0.7353206281931595,40.0,spot,-0.757,Électronique,373.0,10.587174872273621,1,medium,0,0
SUPP_fc234c92,Maréchal Lopez S.A.,France,0.7753485047932979,28.0,exclusif,0.428,Hygiène,440.0,6.29024186578766,0,medium,0,0
SUPP_257ca14c,Bernard,Portugal,0.8414093744130203,11.0,cadre,-0.623,"Maison, Électronique",376.0,1.7444968814567763,1,medium,0,0
SUPP_c69fbfc9,Aubry,Espagne,0.8373180925851181,32.0,spot,0.193,Vêtements,134.0,5.20582103727622,0,medium,0,0
SUPP_8c79845b,Renault,Espagne,0.7316142563798866,60.0,cadre,0.077,Alimentation,392.0,16.1031446172068,0,medium,0,1
SUPP_2e05a53e,Grenier,Chine,0.8258208718446,56.0,cadre,-0.571,"Électronique, Vêtements",488.0,9.754031176702401,1,medium,0,1
SUPP_9986224f,Meyer,Allemagne,0.8557787360348282,21.0,spot,0.28,"Vêtements, Électronique",306.0,3.028646543268607,0,high,0,0
SUPP_151bd577,Collet Carpentier SA,Espagne,0.9283051243175277,32.0,cadre,0.527,"Maison, Alimentation",292.0,2.294236021839115,0,high,0,0
SUPP_aabff8ef,Letellier SARL,États-Unis,0.6822330632042908,57.0,exclusif,-0.469,"Maison, Hygiène",367.0,18.112715397355426,1,low,1,1
SUPP_5d249662,Girard S.A.S.,Allemagne,0.8218418379189552,51.0,cadre,0.257,Maison,172.0,9.086066266133287,0,medium,0,0
SUPP_bd52b38c,Gaudin,États-Unis,0.8715047686306048,52.0,spot,1.926,"Maison, Hygiène",87.0,6.681752031208552,0,high,0,0
SUPP_c37432c9,Boyer Grégoire SA,France,0.8770890510693167,39.0,cadre,0.568,Électronique,61.0,4.79352700829665,0,high,0,0
SUPP_49a1c693,Muller Valentin SA,Italie,0.9154001763493202,31.0,exclusif,0.326,"Maison, Électronique",83.0,2.622594533171072,0,high,0,0
SUPP_410693a0,Antoine Mathieu S.A.S.,France,0.7884730755359654,52.0,spot,0.379,Alimentation,183.0,10.999400072129802,0,medium,0,0
SUPP_55e0dd51,Delorme Valentin SA,Chine,0.7427174785462427,56.0,cadre,-0.118,"Maison, Électronique",283.0,14.407821201410409,1,medium,0,1
SUPP_46a03c12,Humbert et Fils,Portugal,0.7714636452170895,58.0,spot,0.041,Vêtements,456.0,13.255108577408807,0,medium,0,1
SUPP_255a4972,Bertin,France,1.0,42.0,cadre,-0.934,Hygiène,157.0,0.0,1,high,0,0
SUPP_d79c100c,Laroche Auger SARL,États-Unis,0.8886260190374513,50.0,cadre,-0.806,"Électronique, Maison",456.0,5.568699048127435,1,high,0,0
BADID,unknown,Portugal,0.7728068134210566,59.0,exclusif,22.73,Alimentation,176.0,13.40439800815766,0,medium,0,1
SUPP_1061014d,Albert,Espagne,0.8264280019095462,11.0,cadre,-0.539,"Vêtements, Hygiène",220.0,1.9092919789949914,1,medium,0,0
SUPP_fff2aa2f,Hamel,unknown,0.7484696290740032,7.0,cadre,0.34,Alimentation,205.0,1.7607125964819779,0,medium,0,0
SUPP_65ba6d3d,Petit S.A.R.L.,États-Unis,0.7469633368282863,11.0,cadre,0.108,"Alimentation, Maison",336.0,2.7834032948888505,0,medium,0,0
SUPP_60c89649,Legrand S.A.S.,Portugal,0.8245571839903814,59.0,spot,-0.326,Vêtements,471.0,10.3511261445675,1,medium,0,1
SUPP_5ecd82d7,Guillou Aubry S.A.,France,1.0,30.0,spot,0.317,Hygiène,310.0,0.0,0,high,0,0
SUPP_8b0406fc,Muller,Portugal,0.6174857413342392,31.0,spot,0.093,Maison,111.0,11.857942018638585,0,low,1,0
SUPP_aff4212a,Lemaître Jacquet S.A.,Allemagne,0.7538213535231612,38.0,cadre,0.426,"Maison, Électronique",161.0,9.354788566119876,0,medium,0,0
SUPP_4307d71e,Devaux,États-Unis,0.7407479261567299,44.0,cadre,-0.057,"Vêtements, Électronique",14.0,11.407091249103884,1,medium,0,0
SUPP_5c5a6b21,Raymond,États-Unis,0.8704987278980456,49.0,cadre,0.433,Électronique,472.0,6.345562332995765,0,high,0,0
SUPP_918f5bf4,Martineau S.A.S.,Allemagne,0.6999703592944223,14.0,cadre,-0.167,"Alimentation, Vêtements",357.0,4.2004149698780875,1,low,1,0
SUPP_f3ae0c90,Dupré,États-Unis,0.7725054688839044,43.0,exclusif,-0.327,"Alimentation, Électronique",413.0,9.782264837992113,1,medium,0,0
SUPP_88601d9d,Lucas SARL,Espagne,0.9965454240281096,10.0,exclusif,0.202,Hygiène,161.0,0.03454575971890361,0,high,0,0
SUPP_31dc8c41,Gautier et Fils,France,0.6939116045664955,10.0,spot,0.459,Maison,458.0,3.0608839543350452,0,low,1,0
SUPP_de46faab,Maillard Carre S.A.S.,Chine,1.0,18.0,spot,0.516,"Hygiène, Vêtements",493.0,0.0,0,high,0,0
SUPP_5441b2d9,Wagner Le Goff S.A.,Chine,0.6680630034045986,23.0,spot,-0.242,Vêtements,249.0,7.634550921694233,1,low,1,0
SUPP_2d509234,Bodin,Chine,0.9466911149186622,48.0,cadre,-0.354,"Alimentation, Hygiène",213.0,2.5588264839042143,1,high,0,0
SUPP_4ad43a8b,Deschamps,France,0.8643819428146228,27.0,exclusif,0.387,"Hygiène, Vêtements",284.0,3.661687544005185,0,high,0,0
SUPP_d222e606,Morin et Fils,Portugal,0.7273069528421916,45.0,cadre,-0.03,Vêtements,205.0,12.271187122101377,1,medium,0,0
SUPP_fc0eebac,Baron,Portugal,0.5,32.0,exclusif,-0.512,"Vêtements, Électronique",462.0,16.0,1,low,1,0
SUPP_cd4f6a33,Bernard SARL,Portugal,0.794743184860684,42.0,spot,-0.624,"Vêtements, Alimentation",475.0,8.620786235851273,1,medium,0,0
SUPP_b3f6a264,Diaz Charles S.A.,France,0.9832411303931636,4.0,cadre,-0.715,"Maison, Électronique",262.0,0.06703547842734547,1,high,0,0
SUPP_14718e76,Courtois,Chine,0.7759955513303016,10.0,cadre,0.065,Alimentation,199.0,2.2400444866969837,0,medium,0,0
SUPP_15bdd726,Guilbert,Italie,0.9641273289066116,48.0,exclusif,-0.718,"Hygiène, Maison",222.0,1.7218882124826447,1,high,0,0
SUPP_2fcd26cc,Marie SA,États-Unis,0.936316375215496,19.0,exclusif,0.005,"Maison, Hygiène",199.0,1.2099888709055753,0,high,0,0
SUPP_b3f14b4d,Morvan Da Silva SARL,États-Unis,0.7218491348952049,56.0,cadre,0.231,Maison,361.0,15.576448445868529,0,medium,0,1
SUPP_6d960132,Perret Rodriguez SA,France,0.839905969557347,19.0,exclusif,-0.3,Vêtements,72.0,3.0417865784104077,1,medium,0,0
SUPP_c4af5f6d,Marchal,Portugal,0.8269802084990019,43.0,cadre,-0.193,"Maison, Électronique",20.0,7.439851034542919,1,medium,0,0
SUPP_19e63727,Pelletier S.A.,Allemagne,0.8313517345251248,10.0,spot,0.331,Vêtements,115.0,1.6864826547487521,0,medium,0,0
SUPP_76b5d165,Martineau Henry SARL,Allemagne,0.9786016816145352,15.0,spot,-0.619,Hygiène,129.0,0.320974775781972,1,high,0,0
SUPP_767ae1e0,Legendre,Chine,1.0,40.0,exclusif,-0.976,Alimentation,449.0,0.0,1,high,0,0
SUPP_adf71e2c,Gomez Goncalves S.A.,Chine,0.8048214904964416,9.0,cadre,0.294,"Alimentation, Vêtements",23.0,1.7566065855320256,0,medium,0,0
SUPP_8b9fc7d1,Laurent,Chine,0.8480991867735033,17.0,cadre,-0.311,Vêtements,18.0,2.5823138248504445,1,medium,0,0
SUPP_f0071309,Gallet Le Roux S.A.R.L.,France,0.7991877749642724,28.0,cadre,-0.247,Électronique,391.0,5.622742301000373,1,medium,0,0
SUPP_c3ad9e79,Da Costa Leroux et Fils,Chine,0.7610635243055788,34.0,cadre,0.425,Maison,241.0,8.123840173610322,0,medium,0,0
SUPP_fed8731f,Weber SA,France,0.8557015485965047,52.0,spot,-0.346,Hygiène,347.0,7.503519472981755,1,high,0,0
SUPP_360c353e,Louis,Portugal,0.9099599875433252,3.0,exclusif,0.154,Maison,255.0,0.27012003737002444,0,high,0,0
SUPP_ef81f858,Jacques Marty SARL,Espagne,0.901286211883896,60.0,cadre,0.315,"Maison, Électronique",470.0,5.922827286966239,0,high,0,1
BADID,Hubert Laurent et Fils,France,0.7371004989077927,10.0,inconnu,-0.28,Hygiène,252.0,2.6289950109220728,1,medium,0,0
SUPP_888eafa4,Alexandre Boulanger SARL,Espagne,0.8947293605123261,40.0,cadre,0.305,Vêtements,242.0,4.210825579506956,0,high,0,0
SUPP_42db6f74,Leleu SARL,France,0.8179098406035852,46.0,exclusif,0.059,Maison,345.0,8.376147332235082,0,medium,0,0
SUPP_11e31d68,Clerc,Espagne,0.9477664895788424,58.0,cadre,-0.296,"Hygiène, Alimentation",183.0,3.0295436044271433,1,high,0,1
SUPP_77c7b5d8,Potier,Chine,0.8747097381170037,22.0,cadre,-0.101,"Maison, Hygiène",252.0,2.7563857614259186,1,high,0,0
SUPP_9c85e944,Leroy,Portugal,0.7982318796772779,32.0,exclusif,0.549,Alimentation,435.0,6.456579850327106,0,medium,0,0
SUPP_e564ec25,Bertin S.A.,France,0.9025416348988028,49.0,cadre,0.407,Maison,76.0,4.775459889958663,0,high,0,0
SUPP_205e9bf3,Morel,unknown,0.8218418379189552,37.0,cadre,0.011,Hygiène,72.0,6.59185199699866,0,medium,0,0
SUPP_9587da5a,Godard S.A.R.L.,Chine,0.8881952971294963,48.0,exclusif,-0.155,Maison,157.0,5.366625737784178,1,high,0,0
SUPP_7e9c211d,Chauveau,Italie,0.8524166352488441,15.0,exclusif,-0.065,"Vêtements, Électronique",256.0,2.2137504712673377,1,high,0,0
SUPP_a83b8a86,Nguyen,Espagne,0.8296995964992717,37.0,cadre,0.298,Électronique,400.0,6.301114929526946,0,medium,0,0
SUPP_4cb6f990,Collin S.A.S.,Chine,0.7381779316766527,56.0,cadre,1.046,Alimentation,402.0,14.662035826107449,0,medium,0,1
SUPP_6fe38a8c,Adam Bertrand et Fils,unknown,0.8218418379189552,44.0,spot,-0.607,"Hygiène, Électronique",252.0,7.838959131565973,1,medium,0,0
SUPP_1b4fdd9f,Martin,Chine,0.9358110873500068,21.0,spot,0.396,Vêtements,189.0,1.3479671656498562,0,high,0,0
SUPP_88f0ec12,Marchal Perret SA,Italie,0.8824119817052155,27.0,exclusif,0.314,Alimentation,389.0,3.1748764939591814,0,high,0,0
SUPP_88d36c55,Ferrand,Narnia,0.8187753227153085,15.0,cadre,-0.449,"Électronique, Hygiène",242.0,2.718370159270372,1,medium,0,0
SUPP_a0e1dde1,Dupré,Allemagne,0.8275804558193726,22.0,spot,-0.339,Vêtements,300.0,3.793229971973804,1,medium,0,0
SUPP_6a1d3fe6,Fouquet SARL,France,0.917511973341775,50.0,cadre,-0.074,Électronique,355.0,4.1244013329112486,1,high,0,0
SUPP_68ca1931,Martineau,Portugal,0.7374502803207488,33.0,cadre,-0.161,Maison,222.0,8.66414074941529,1,medium,0,0
SUPP_814f9366,Millet,extra,0.8612931454275624,29.0,unknown,-0.282,Hygiène,252.0,4.02249878260069,1,high,0,0
SUPP_f442976d,Grenier,France,0.7377779604433568,27.0,spot,0.122,"Maison, Vêtements",38.0,7.079995068029367,0,medium,0,0
SUPP_171b3f09,Lenoir,États-Unis,0.8444966571108722,51.0,exclusif,-0.253,Vêtements,140.0,7.930670487345519,1,medium,0,0
SUPP_2c6a8fa4,unknown,France,0.7728961694381676,49.0,cadre,0.116,Électronique,76.0,11.128087697529786,0,medium,0,0
SUPP_57b45ece,Labbé,Italie,0.6751915658502675,55.0,cadre,-0.704,Alimentation,191.0,17.864463878235288,1,low,1,0
SUPP_71ae1cb6,Chauvet Colas SARL,Espagne,0.7481555778747564,31.0,spot,-0.107,Électronique,252.0,7.807177085882552,1,medium,0,0
SUPP_7c85f85d,Lévy,Italie,0.8510907565598004,47.0,cadre,0.738,Maison,158.0,6.998734441689383,0,high,0,0
SUPP_178792c6,Bailly SARL,États-Unis,0.905765962320202,12.0,spot,-0.08,Électronique,326.0,1.1308084521575759,1,high,0,0
SUPP_76e8ec47,Perret Delorme S.A.S.,France,0.818098379209731,56.0,exclusif,-0.501,Vêtements,233.0,10.186490764255062,1,medium,0,1
SUPP_7315d3e2,Turpin,France,0.818148686400761,57.0,cadre,-0.144,Hygiène,183.0,10.365524875156623,1,medium,0,1
SUPP_a0ed13de,Pichon,France,0.852271856033809,42.0,exclusif,-0.414,Alimentation,271.0,6.204582046580024,1,high,0,0
SUPP_03e5fa6a,Gros Reynaud et Fils,Espagne,0.8719346514241172,54.0,cadre,0.766,Vêtements,85.0,6.915528823097672,0,high,0,0
SUPP_8a9fec8f,Delmas Clément SARL,Allemagne,0.8091239851543142,13.0,cadre,0.201,Alimentation,399.0,2.481388192993916,0,medium,0,0
BADID,Morin,Narnia,0.8890143991711112,42.0,cadre,-0.201,"Électronique, Alimentation",252.0,4.661395234813328,1,high,0,0
SUPP_1540570e,Maillet Ruiz S.A.,Espagne,0.8424092481810417,58.0,cadre,0.006,Hygiène,335.0,9.140263605499582,0,medium,0,1
SUPP_c8804bbe,Caron Laurent SA,France,0.8297676098548831,6.0,cadre,-0.387,"Vêtements, Hygiène",333.0,1.0213943408707016,1,medium,0,0
SUPP_27014676,Ollivier Bourdon SA,Italie,0.8224510174258942,24.0,cadre,0.249,Vêtements,168.0,4.261175581778539,0,medium,0,0
SUPP_1353e5ad,Legros,unknown,0.8218418379189552,55.0,cadre,0.48,Électronique,340.0,9.798698914457466,0,medium,0,0
SUPP_41e8e2e0,Wagner Grenier S.A.R.L.,Espagne,1.0,37.0,spot,-0.384,"Électronique, Maison",388.0,0.0,1,high,0,0
SUPP_3215f9ea,Alexandre,Allemagne,0.9072320636720678,32.0,cadre,0.092,"Maison, Alimentation",500.0,2.9685739624938314,0,high,0,0
SUPP_a4389d50,Caron Bègue et Fils,Chine,1.0,55.0,cadre,-0.404,Électronique,375.0,0.0,1,high,0,0
SUPP_0e19de11,Hamel SA,France,0.7360278157819223,47.0,cadre,-0.3,Alimentation,234.0,12.40669265824965,1,medium,0,0
BADID,Vasseur,unknown,0.6076104275690193,25.0,spot,-0.263,Hygiène,252.0,9.809739310774518,1,low,1,0
SUPP_7562fe7e,Grenier Paul S.A.R.L.,Portugal,0.7440867338446302,5.0,spot,0.075,Vêtements,341.0,1.279566330776849,0,medium,0,0
SUPP_df18a6c7,Pascal S.A.,France,0.8218418379189552,45.0,cadre,0.938,Vêtements,139.0,8.017117293647019,0,medium,0,0
SUPP_b7f0502a,Pineau S.A.,Allemagne,0.915042383818605,39.0,cadre,-0.288,"Hygiène, Alimentation",479.0,3.3133470310744038,1,high,0,0
SUPP_d7211367,Martineau,France,0.7301585328651642,47.0,spot,0.246,Maison,168.0,12.682548955337284,0,medium,0,0
SUPP_415a5c4c,Faivre,Chine,0.6879766792979357,44.0,spot,0.916,Vêtements,494.0,13.729026110890828,0,low,1,0
SUPP_e0fbb407,Raymond,Portugal,0.9379440120721286,29.0,cadre,-0.235,"Hygiène, Électronique",19.0,1.7996236499082698,1,high,0,0
SUPP_b2ebde33,Lévy,États-Unis,0.6486865470909122,23.0,spot,0.677,Alimentation,258.0,8.08020941690902,0,low,1,0
SUPP_9a3091c7,Leroux,France,0.8085460154747381,20.0,spot,0.619,Alimentation,61.0,3.829079690505237,0,medium,0,0
BADID,unknown,Chine,0.6605572341205632,58.0,cadre,-0.3,Hygiène,252.0,19.687680421007332,1,low,1,1
SUPP_45504840,Hamel,France,0.8205243699718182,26.0,exclusif,0.023,Hygiène,102.0,4.666366380732726,0,medium,0,0
SUPP_356fb2e5,Diaz Baron S.A.S.,Chine,0.7749934528520755,4.0,cadre,32.85,"Hygiène, Alimentation",356.0,0.9000261885916978,0,medium,0,0
SUPP_d362e065,Toussaint,Chine,0.7132379570617405,52.0,cadre,-0.071,"Maison, Vêtements",283.0,14.911626232789493,1,medium,0,0
SUPP_64c179e7,Paris Besnard SA,États-Unis,0.8320295631711898,14.0,cadre,0.257,Maison,494.0,2.3515861156033426,0,medium,0,0
SUPP_f9cfd081,Huet,Espagne,0.8911614878088889,20.0,spot,-0.562,Maison,267.0,2.1767702438222214,1,high,0,0
SUPP_68fab469,Daniel,Chine,0.6665885829264377,53.0,cadre,0.639,Alimentation,456.0,17.6708051048988,0,low,1,0
SUPP_84574340,Gimenez,Chine,0.8532314011979591,37.0,spot,-0.374,Maison,374.0,5.430438155675511,1,high,0,0
SUPP_1678ab35,Dos Santos S.A.,France,0.9751151975522524,12.0,cadre,0.058,"Électronique, Vêtements",473.0,0.2986176293729712,0,high,0,0
SUPP_e898eb75,Jacob Lemonnier S.A.,France,0.9379297184063826,60.0,cadre,0.034,Maison,240.0,3.724216895617043,0,high,0,1
SUPP_4f9a656e,Andre Legros S.A.R.L.,France,1.0,34.0,cadre,0.878,"Électronique, Maison",207.0,0.0,0,high,0,0
SUPP_0d23e993,Allard,France,0.7951035851520926,8.0,spot,0.486,"Vêtements, Alimentation",342.0,1.6391713187832595,0,medium,0,0
SUPP_ffb2cf9b,Legros,France,0.8845375949585147,20.0,spot,0.684,Alimentation,251.0,2.309248100829706,0,high,0,0
SUPP_ab2f66c7,Leclerc S.A.R.L.,Espagne,0.7235076539419895,2.0,spot,0.343,"Alimentation, Maison",19.0,0.5529846921160211,0,medium,0,0
SUPP_aa5b2d4f,Pires,Italie,0.9258424486849588,48.0,cadre,-0.879,Alimentation,226.0,3.5595624631219778,1,high,0,0
SUPP_7391ece9,Salmon S.A.S.,Allemagne,0.7016741487334224,9.0,exclusif,-1.02,Vêtements,224.0,2.6849326613991984,1,medium,0,0
SUPP_0c8a185e,Martel,France,0.7930593165555442,55.0,spot,0.359,"Hygiène, Maison",315.0,11.38173758944507,0,medium,0,0
SUPP_41ed0f7b,Benard SARL,Italie,0.9702357052096028,47.0,exclusif,0.037,Hygiène,229.0,1.3989218551486693,0,high,0,0
SUPP_cb8fdaf0,Humbert,Allemagne,0.9828615545571292,28.0,exclusif,-0.69,Vêtements,352.0,0.47987647240038234,1,high,0,0
SUPP_d7bdb271,Coulon Vasseur SARL,France,0.6496617560644845,35.0,cadre,-0.028,Vêtements,412.0,12.261838537743042,1,low,1,0
SUPP_066cbfe1,Vallée,Espagne,0.8584065448939306,32.0,exclusif,-0.016,"Hygiène, Électronique",208.0,4.530990563394219,1,high,0,0
SUPP_c9001170,Perrier SARL,Espagne,0.6132557899960123,6.0,cadre,-0.045,"Vêtements, Électronique",385.0,2.3204652600239264,1,low,1,0
SUPP_39cd53cc,Ramos,France,0.6895530499495146,24.0,cadre,0.335,"Électronique, Vêtements",426.0,7.450726801211649,0,low,1,0
SUPP_328b7b21,Bigot Rodriguez S.A.S.,Portugal,0.8218418379189552,53.0,exclusif,32.08,"Maison, Hygiène",376.0,9.442382590295377,0,medium,0,0
SUPP_b017a13c,Carlier S.A.S.,Allemagne,0.7686133082663306,4.0,spot,-0.53,"Maison, Électronique",463.0,0.9255467669346777,1,medium,0,0
SUPP_f591c2b9,Perez et Fils,Italie,0.8137320902726828,54.0,cadre,0.478,Vêtements,139.0,10.05846712527513,0,medium,0,0
SUPP_15c97eb9,Dufour,Allemagne,0.7214273953664456,57.0,spot,0.252,Alimentation,453.0,15.8786384641126,0,medium,0,1
SUPP_d07bb1dc,Vidal,Chine,0.7669742381627559,29.0,spot,-0.396,"Vêtements, Électronique",390.0,6.757747093280079,1,medium,0,0
SUPP_e17a556b,Bertin S.A.R.L.,Allemagne,0.8092969640045442,13.0,cadre,-0.518,Maison,264.0,2.479139467940925,1,medium,0,0
SUPP_baaf7408,Lecomte,Allemagne,0.7646350694652817,7.0,spot,-0.599,Hygiène,50.0,1.647554513743028,1,medium,0,0
SUPP_cf4367f8,Millet,Italie,1.0,22.0,exclusif,0.018,Alimentation,177.0,0.0,0,high,0,0
SUPP_a3512f66,Samson,Portugal,0.7500274492007414,29.0,exclusif,0.107,"Vêtements, Maison",237.0,7.2492039731785,0,medium,0,0
SUPP_5358cf6b,Lopes,Chine,0.808767195030917,60.0,cadre,-0.11,Électronique,232.0,11.473968298144982,1,medium,0,1
SUPP_67db7184,Fleury,France,0.8814166700043424,42.0,cadre,0.379,Électronique,272.0,4.980499859817618,0,high,0,0
SUPP_2af9991d,Lelièvre SA,France,0.7669498852389472,40.0,cadre,-0.288,"Alimentation, Électronique",234.0,9.32200459044211,1,medium,0,0
SUPP_f6881808,Marty S.A.,Allemagne,0.7924948302848356,43.0,cadre,-1.0211599999999998,Électronique,206.0,8.92272229775207,1,medium,0,0
SUPP_bfabc06c,Valette et Fils,Portugal,0.6684808937801447,25.0,cadre,0.683,"Électronique, Alimentation",400.0,8.28797765549638,0,low,1,0
SUPP_42a44058,Faivre SA,Italie,0.9844967713501284,27.0,cadre,-0.125,Alimentation,152.0,0.4185871735465342,1,high,0,0
SUPP_a2172c98,Bourgeois Lefebvre S.A.S.,France,0.8776556963055766,13.0,cadre,0.156,Électronique,208.0,1.5904759480275041,0,high,0,0
SUPP_4575d5bd,Dupuis Marchand S.A.R.L.,Chine,1.0,47.0,cadre,0.56,"Électronique, Vêtements",323.0,0.0,0,high,0,0
SUPP_1ea5ebbc,Thibault S.A.,Allemagne,0.8072082408519233,10.0,spot,-0.478,Maison,241.0,1.9279175914807667,1,medium,0,0
SUPP_edfebd69,Bonnin,États-Unis,0.6593553679742427,53.0,cadre,0.102,Maison,442.0,18.05416549736514,0,low,1,0
SUPP_8502978b,Gosselin,Italie,0.7443649254715696,20.0,spot,-0.711,"Vêtements, Électronique",445.0,5.1127014905686075,1,medium,0,0
SUPP_bea48b50,Brun,Chine,0.7553427115757473,34.0,cadre,-0.541,Alimentation,112.0,8.318347806424592,1,medium,0,0
SUPP_471ab5ca,Merle S.A.,extra,0.9887141635072564,37.0,cadre,0.441,"Alimentation, Maison",249.0,0.41757595023151384,0,high,0,0
SUPP_97578c25,Nicolas,Portugal,0.8192027358683382,7.0,exclusif,0.74,"Hygiène, Alimentation",213.0,1.2655808489216323,0,medium,0,0
SUPP_a91540e1,Langlois S.A.S.,Chine,0.8277368307647618,54.0,cadre,-0.431,"Maison, Hygiène",74.0,9.302211138702864,1,medium,0,0
SUPP_45dd442b,Chauvin,Espagne,0.9723124077269656,35.0,cadre,0.269,"Électronique, Maison",459.0,0.9690657295562044,0,high,0,0
SUPP_67ecde9b,Sanchez Allain et Fils,Chine,0.7162753845673543,10.0,cadre,-0.095,"Hygiène, Alimentation",476.0,2.837246154326457,1,medium,0,0
BADID,Henry Grenier SARL,Allemagne,0.7324381746615243,12.0,cadre,41.293199999999985,"Électronique, Alimentation",252.0,3.2107419040617087,0,medium,0,0
SUPP_3951318c,Moreno SA,Chine,0.912617754753164,56.0,exclusif,0.955,Hygiène,110.0,4.893405733822817,0,high,0,1
SUPP_c5fd64ab,Rossi,France,0.6801432426180858,21.0,cadre,0.281,"Hygiène, Vêtements",57.0,6.7169919050201985,0,low,1,0
SUPP_44df4bce,Peltier,Italie,0.7549357430878173,39.0,exclusif,-0.244,Alimentation,347.0,9.557506019575126,1,medium,0,0
SUPP_a49d870c,Muller,Chine,0.7607606075761131,38.0,exclusif,-0.432,"Hygiène, Vêtements",452.0,9.091096912107703,1,medium,0,0
SUPP_ab51352a,Richard,États-Unis,0.8248521627944827,51.0,cadre,-0.415,Électronique,343.0,8.932539697481381,1,medium,0,0
SUPP_ddd8d1a2,Camus,Espagne,0.8470456825779838,42.0,exclusif,-0.025,Hygiène,465.0,6.424081331724678,1,medium,0,0
SUPP_066c709d,Lesage SARL,Espagne,0.796105195313359,53.0,spot,-0.454,"Vêtements, Hygiène",217.0,10.806424648391973,1,medium,0,0
SUPP_32e59122,Neveu,Portugal,0.7623228669431666,12.0,cadre,0.378,Électronique,257.0,2.8521255966820003,0,medium,0,0
SUPP_2aab34f7,Gay Schmitt et Fils,Portugal,0.8700917187624381,22.0,spot,-0.489,Vêtements,173.0,2.857982187226362,1,high,0,0
SUPP_11783013,Chauvet,France,0.8299332305429226,25.0,cadre,0.376,"Vêtements, Maison",64.0,4.251669236426936,0,medium,0,0
SUPP_fa002c82,Turpin,France,0.6530594718878627,30.0,cadre,0.272,Maison,59.0,10.408215843364118,0,low,1,0
SUPP_9e5a9157,Foucher,Chine,0.7537376241054152,28.0,cadre,0.285,Maison,453.0,6.895346525048374,0,medium,0,0
SUPP_7732740b,Breton,France,0.7436740843457482,12.0,cadre,-0.902,"Vêtements, Hygiène",273.0,3.0759109878510213,1,medium,0,0
SUPP_ac582d41,Fernandez Lopes S.A.R.L.,Espagne,0.6572457562116837,7.0,spot,0.024,Vêtements,268.0,2.399279706518214,0,low,1,0
SUPP_2cdaa0da,Hamel Barthelemy S.A.S.,Allemagne,0.8459722501721482,24.0,exclusif,-0.452,Alimentation,154.0,3.696665995868444,1,medium,0,0
SUPP_1eba7c58,Marques,Allemagne,0.8838592458777373,2.0,spot,-0.831,Maison,230.0,0.23228150824452531,1,high,0,0
SUPP_8ef727a2,Costa SARL,Chine,0.8133920201352683,50.0,cadre,-0.606,Vêtements,33.0,9.330398993236583,1,medium,0,0
SUPP_918631bc,Coulon Lecomte SARL,Italie,0.754816389219784,25.0,cadre,0.024,Hygiène,47.0,6.1295902695054,0,medium,0,0
SUPP_f090f456,Leblanc,Chine,0.7339586634716047,19.0,spot,-0.192,Maison,329.0,5.054785394039511,1,medium,0,0
SUPP_23ea2df5,Godard,inconnu,0.920629280921444,27.0,cadre,-0.288,"Électronique, Alimentation",183.0,2.1430094151210115,1,high,0,0
SUPP_4ef65bb3,Berthelot,Chine,0.903569211206514,14.0,cadre,-0.565,Vêtements,215.0,1.3500310431088038,1,high,0,0
SUPP_d930d00f,Blondel S.A.,France,0.8729804177915282,47.0,cadre,0.721,Électronique,252.0,5.969920363798173,0,high,0,0
SUPP_641d3d2a,Guillot et Fils,Portugal,0.572835549987271,34.0,exclusif,-0.398,Alimentation,486.0,14.523591300432784,1,low,1,0
SUPP_1dbea66f,Camus,États-Unis,0.877707212718054,49.0,spot,-0.102,"Alimentation, Maison",313.0,5.992346576815356,1,high,0,0
SUPP_ebd689e9,Blot Ollivier et Fils,Italie,0.8571145873371309,47.0,cadre,-0.302,Hygiène,253.0,6.71561439515485,1,high,0,0
SUPP_156a432b,Pons,Portugal,0.82865897874729,28.0,cadre,-0.078,"Vêtements, Hygiène",417.0,4.79754859507588,1,medium,0,0
SUPP_e60852b3,Morin SARL,Allemagne,0.9367782061659808,43.0,spot,0.127,"Électronique, Maison",407.0,2.7185371348628236,0,high,0,0
SUPP_4f1cf07e,Lebon Jacquot S.A.,Chine,0.8537602662075202,39.0,cadre,-0.206,Alimentation,278.0,5.703349617906712,1,high,0,0
SUPP_9ebb95b4,Dupré,France,0.7712393775927506,45.0,cadre,-0.216,"Hygiène, Maison",303.0,10.294228008326222,1,medium,0,0
SUPP_f9449fc1,Reynaud,France,0.8594452142378296,22.0,cadre,-0.21,"Électronique, Alimentation",221.0,3.092205286767749,1,high,0,0
SUPP_be5e64d7,Lamy,Chine,0.8489774856896413,49.0,spot,1.038,"Maison, Hygiène",371.0,7.400103201207578,0,medium,0,0
SUPP_346f97d0,Benard,Italie,0.9071124703431692,44.0,cadre,-0.163,Alimentation,202.0,4.087051304900554,1,high,0,0
SUPP_ae6dcd1c,Dupuy,Espagne,0.9401213922163943,36.0,cadre,-0.204,Alimentation,191.0,2.1556298802098035,1,high,0,0
SUPP_5cf01411,Deschamps,France,0.6161875464822145,17.0,cadre,-0.504,"Vêtements, Maison",162.0,6.5248117098023535,1,low,1,0
SUPP_c0a64e2b,Mathieu Mace S.A.,Chine,0.6329208078974143,47.0,cadre,-0.176,Vêtements,370.0,17.252722028821527,1,low,1,0
SUPP_0e2ca2f0,Mathieu,Allemagne,0.8218418379189552,52.0,spot,0.838,Maison,157.0,9.264224428214332,0,medium,0,0
SUPP_489306c6,Olivier Fabre et Fils,Espagne,0.8526927373764163,27.0,spot,-0.11,Hygiène,498.0,3.9772960908367607,1,high,0,0
SUPP_5df504ae,Baron,extra,0.8218418379189552,47.0,extra,-1.0211599999999998,"Alimentation, Vêtements",483.0,8.373433617809107,1,medium,0,0
SUPP_c45dd64f,Roussel,Chine,0.8435614558108565,15.0,cadre,0.385,Vêtements,285.0,2.3465781628371523,0,medium,0,0
SUPP_092b822a,Collet Dumas SARL,Portugal,0.6721413754220158,10.0,exclusif,0.572,Hygiène,389.0,3.278586245779842,0,low,1,0
SUPP_b284e63e,Hernandez Garcia et Fils,France,0.8538496407494414,59.0,cadre,-0.208,Alimentation,336.0,8.62287119578296,1,high,0,1
SUPP_4f4c6fe6,Paris Lambert SA,Espagne,0.8832781866106284,47.0,cadre,1.135,Électronique,358.0,5.485925229300465,0,high,0,0
SUPP_1672f0f4,Rocher,Espagne,0.8381866255058494,58.0,spot,0.124,"Électronique, Alimentation",254.0,9.385175720660733,0,medium,0,1
SUPP_83009019,unknown,Allemagne,0.7740639100459755,5.0,Narnia,-0.425,"Vêtements, Hygiène",55.0,1.1296804497701225,1,medium,0,0
SUPP_4193ce34,Richard S.A.S.,États-Unis,0.9030335816544244,13.0,cadre,-0.428,"Alimentation, Électronique",438.0,1.260563438492483,1,high,0,0
SUPP_5f57644b,Lelièvre,États-Unis,0.8271566237219392,27.0,spot,-0.239,Électronique,105.0,4.6667711595076415,1,medium,0,0
SUPP_8419b299,Besnard,France,0.8678979825746391,38.0,cadre,0.167,"Vêtements, Électronique",485.0,5.019876662163713,0,high,0,0
SUPP_daaac2d1,Gonzalez,États-Unis,0.92375399442579,36.0,cadre,-0.255,"Vêtements, Maison",465.0,2.7448562006715607,1,high,0,0
SUPP_6b9b3ff9,Fleury S.A.R.L.,Allemagne,0.7930125064706628,53.0,exclusif,-0.489,"Hygiène, Maison",93.0,10.970337157054871,1,medium,0,0
SUPP_87e4be4d,François S.A.R.L.,France,0.7755706739923888,23.0,spot,0.189,"Vêtements, Alimentation",300.0,5.161874498175059,0,medium,0,0
SUPP_9be299a1,Legrand,inconnu,0.8956988616645352,42.0,spot,-0.461,"Alimentation, Hygiène",433.0,4.380647810089523,1,high,0,0
BADID,unknown,France,0.906960592010566,44.0,Narnia,0.678,Vêtements,81.0,4.093733951535096,0,high,0,0
SUPP_e12b746d,Clément,France,0.86134349032237,26.0,cadre,0.938,Alimentation,395.0,3.6050692516183798,0,high,0,0
SUPP_ab1ccd12,Lemaire Pascal S.A.R.L.,Allemagne,0.7426210800896427,48.0,cadre,-0.622,Vêtements,143.0,12.354188155697152,1,medium,0,0
SUPP_dc161057,Diallo Barbe S.A.R.L.,Portugal,0.6421279751095721,31.0,cadre,0.748,"Alimentation, Électronique",217.0,11.094032771603265,0,low,1,0
SUPP_8ab0e34f,Pichon,Portugal,0.8854365656354057,20.0,cadre,-0.028,"Vêtements, Électronique",123.0,2.2912686872918853,1,high,0,0
SUPP_fa4f8025,Pruvost,Espagne,0.8479968626319819,31.0,spot,-0.563,Alimentation,320.0,4.71209725840856,1,medium,0,0
SUPP_3a0adfb8,Schneider,États-Unis,1.0,50.0,cadre,0.065,Hygiène,350.0,0.0,0,high,0,0
SUPP_b88fc0e1,Bourdon et Fils,Italie,0.8309394794604893,35.0,spot,0.363,"Alimentation, Électronique",49.0,5.917118218882875,0,medium,0,0
SUPP_c4eee24a,Ledoux S.A.,Chine,0.8681009231736713,59.0,cadre,0.112,"Électronique, Hygiène",303.0,7.782045532753395,0,high,0,1
SUPP_6ecac7b1,Aubry Peltier SA,Allemagne,0.7409525544554687,35.0,cadre,0.236,Alimentation,358.0,9.066660594058595,0,medium,0,0
SUPP_73e3df9b,Dupuis Giraud S.A.S.,Espagne,1.0,59.0,cadre,0.673,Hygiène,424.0,0.0,0,high,0,1
SUPP_379067e1,Barbier SA,Italie,0.9793186626639396,31.0,cadre,-0.256,Alimentation,296.0,0.6411214574178714,1,high,0,0
SUPP_08e53653,Lebreton,Chine,0.7210395179741419,27.0,cadre,-0.063,Vêtements,11.0,7.5319330146981684,1,medium,0,0
BADID,Klein,inconnu,0.8255724912288694,24.0,inconnu,0.547,"Hygiène, Électronique",287.0,4.186260210507133,0,medium,0,0
SUPP_26f02b37,Grondin SARL,France,0.650753537028518,28.0,exclusif,0.765,"Électronique, Maison",79.0,9.778900963201496,0,low,1,0
SUPP_0359c859,Boutin,États-Unis,0.804199210142101,26.0,cadre,-0.213,"Maison, Vêtements",479.0,5.0908205363053725,1,medium,0,0
SUPP_ed191d45,Guérin,Portugal,0.7187895624739832,44.0,spot,-0.827,"Maison, Électronique",78.0,12.37325925114474,1,medium,0,0
SUPP_2bad35a4,Aubry Toussaint S.A.S.,France,0.9023170583961916,36.0,cadre,0.037,"Vêtements, Électronique",75.0,3.516585897737103,0,high,0,0
SUPP_b3b98bdb,Lamy Noël S.A.S.,Chine,0.6910039100258946,21.0,cadre,-0.648,"Alimentation, Électronique",378.0,6.488917889456214,1,low,1,0
SUPP_e9bd0b49,Jourdan Gérard SARL,Espagne,0.7864215300709871,16.0,cadre,0.835,Hygiène,187.0,3.4172555188642058,0,medium,0,0
SUPP_cf7cb570,Guérin Lopez S.A.,États-Unis,0.7940408648636395,48.0,spot,-0.752,Alimentation,26.0,9.886038486545306,1,medium,0,0
SUPP_9ad63f7f,Valentin,Allemagne,0.7954256935914055,6.0,exclusif,-0.136,"Maison, Électronique",27.0,1.2274458384515672,1,medium,0,0
SUPP_25d7d561,Navarro,Allemagne,0.5503113357058428,4.0,cadre,-0.027,Électronique,129.0,1.7987546571766289,1,low,1,0
SUPP_1ca021e2,Bigot et Fils,France,0.7969065469791321,20.0,cadre,0.348,Électronique,479.0,4.061869060417358,0,medium,0,0
SUPP_e4e80e11,Bonnin,Allemagne,1.0,58.0,exclusif,0.563,"Vêtements, Hygiène",348.0,0.0,0,high,0,1
SUPP_60fb6667,Maillard,Allemagne,0.7931111309445169,5.0,cadre,-0.553,Maison,312.0,1.0344443452774155,1,medium,0,0
SUPP_a402ec83,unknown,Italie,1.0,5.0,spot,0.03,"Alimentation, Maison",492.0,0.0,0,high,0,0
SUPP_2b499253,Joseph SA,Portugal,0.8213929291912946,28.0,exclusif,-0.012,"Maison, Vêtements",202.0,5.000997982643751,1,medium,0,0
SUPP_7df83051,Guyon,Espagne,0.8398084760767854,56.0,cadre,-0.072,Hygiène,449.0,8.970725339700016,1,medium,0,1
SUPP_7c0df39f,Texier,Italie,0.7626337993119763,28.0,cadre,-0.273,"Maison, Électronique",78.0,6.646253619264664,1,medium,0,0
SUPP_c5af44b6,Michel,Allemagne,0.8167246729784001,43.0,exclusif,-0.272,Vêtements,240.0,7.8808390619287945,1,medium,0,0
SUPP_daa3bc5c,Rolland et Fils,France,0.7487154217322836,26.0,cadre,0.053,"Électronique, Alimentation",252.0,6.5333990349606275,0,medium,0,0
SUPP_ab4ec381,Salmon et Fils,France,0.7945022782579144,50.0,cadre,0.752,Électronique,353.0,10.27488608710428,0,medium,0,0
SUPP_4ea60518,Verdier,Allemagne,0.5549030191606987,60.0,cadre,0.546,Maison,499.0,26.705818850358078,0,low,1,1
SUPP_2ca9a078,Ledoux S.A.,États-Unis,0.9446085192497627,9.0,spot,-1.0211599999999998,"Alimentation, Hygiène",396.0,0.4985233267521353,1,high,0,0
SUPP_93d15c31,Paul,Portugal,0.7857312405919651,47.0,cadre,-0.186,Alimentation,478.0,10.07063169217764,1,medium,0,0
SUPP_beb17d8f,Lopes,Chine,0.6792488305282178,26.0,cadre,-0.389,Vêtements,342.0,8.339530406266336,1,low,1,0
SUPP_9f022ec3,Mary Nguyen et Fils,Espagne,0.7089424154534171,58.0,cadre,0.876,Vêtements,60.0,16.88133990370181,0,medium,0,1
SUPP_159b15d7,Robin,États-Unis,0.8218418379189552,25.0,cadre,13.16,"Maison, Vêtements",252.0,4.453954052026122,0,medium,0,0
SUPP_69731f0d,Lévêque,Chine,0.8921672064043235,3.0,cadre,-0.565,Alimentation,252.0,0.32349838078702964,1,high,0,0
SUPP_15458f3d,Le Roux,Allemagne,0.7675479733720226,14.0,cadre,0.245,Maison,204.0,3.254328372791683,0,medium,0,0
SUPP_25ecb0bf,Leconte,Espagne,0.6977872191108054,43.0,spot,0.356,Alimentation,182.0,12.995149578235367,0,low,1,0
SUPP_a1be28c3,Renard SARL,États-Unis,0.7959674601841864,43.0,spot,-0.187,Maison,245.0,8.773399212079985,1,medium,0,0
SUPP_8bb9015b,Lemonnier,France,0.8910959968203491,48.0,cadre,0.222,Vêtements,104.0,5.227392152623242,0,high,0,0
SUPP_d7cd3b99,Hervé,Italie,0.783903383418092,55.0,spot,0.58,"Hygiène, Électronique",493.0,11.885313912004943,0,medium,0,0
SUPP_dedc7eb1,Samson,Espagne,0.7118936672400102,55.0,cadre,0.308,"Électronique, Hygiène",44.0,15.845848301799437,0,medium,0,0
SUPP_05625703,De Sousa SA,Italie,0.8793101257968383,25.0,exclusif,-0.155,"Électronique, Alimentation",336.0,3.0172468550790423,1,high,0,0
SUPP_c34db82d,Fleury,Portugal,0.8526133022242117,3.0,exclusif,-0.626,"Hygiène, Maison",292.0,0.44216009332736483,1,high,0,0
SUPP_737bb68f,Ferreira,Italie,0.91240270192069,19.0,cadre,-0.092,Électronique,156.0,1.664348663506891,1,high,0,0
SUPP_ca5a9878,Buisson,Chine,0.767727697948096,60.0,exclusif,0.525,Maison,480.0,13.936338123114238,0,medium,0,1
SUPP_057e5c34,Descamps S.A.S.,Allemagne,0.749565630945724,41.0,cadre,-0.704,Alimentation,427.0,10.267809131225315,1,medium,0,0
SUPP_2ff96391,unknown,France,0.8218418379189552,27.0,cadre,0.303,Maison,252.0,4.81027037618821,0,medium,0,0
SUPP_e48f1fec,Roche S.A.S.,Portugal,0.6919570647503717,56.0,exclusif,0.877,"Alimentation, Vêtements",449.0,17.250404373979187,0,low,1,1
SUPP_6078a3aa,Loiseau,Espagne,0.6118070592116277,26.0,cadre,0.848,"Électronique, Hygiène",38.0,10.09301646049768,0,low,1,0
SUPP_450b674a,Toussaint,Espagne,0.8411017467202618,29.0,inconnu,-0.048,"Alimentation, Électronique",252.0,4.6080493451124065,1,medium,0,0
SUPP_222b9243,Samson,Chine,0.765508091319105,60.0,exclusif,0.2,Électronique,118.0,14.069514520853698,0,medium,0,1
SUPP_18943076,Martins SARL,Allemagne,0.8162365297575152,6.0,cadre,0.552,"Hygiène, Maison",153.0,1.102580821454909,0,medium,0,0
SUPP_77475011,Hervé Navarro et Fils,France,0.8314227648662039,56.0,cadre,0.075,"Hygiène, Électronique",116.0,9.440325167492581,0,medium,0,1
SUPP_49f76e52,unknown,inconnu,0.8218418379189552,21.0,exclusif,-0.028,Maison,133.0,3.7413214037019418,1,medium,0,0
BADID,Lombard S.A.S.,unknown,0.8507801768892058,36.0,cadre,-0.855,Maison,396.0,5.3719136319885905,1,high,0,0
SUPP_184b3489,Lacombe Leroux SARL,France,0.6851814577894286,29.0,cadre,0.372,"Électronique, Vêtements",48.0,9.129737724106569,0,low,1,0
SUPP_70ecd0f0,Courtois S.A.R.L.,États-Unis,0.8370865438127941,27.0,spot,34.35,Hygiène,177.0,4.398663317054559,0,medium,0,0
SUPP_017be94e,Jean SA,Chine,0.8218433933065392,30.0,cadre,0.174,Vêtements,192.0,5.3446982008038235,0,medium,0,0
SUPP_94bff9df,Lemaire,Espagne,0.7660240319690638,45.0,cadre,-0.389,Maison,204.0,10.52891856139213,1,medium,0,0
SUPP_59147db1,Didier Auger SARL,Allemagne,0.8395845255097681,17.0,spot,-0.489,Hygiène,52.0,2.7270630663339417,1,medium,0,0
SUPP_04756636,Legros,Chine,0.8608252755714472,42.0,exclusif,-0.851,Maison,209.0,5.845338425999219,1,high,0,0
BADID,Georges,extra,0.9229155637325644,21.0,cadre,0.236,Électronique,399.0,1.6187731616161467,0,high,0,0
SUPP_7bfdb639,Pineau Courtois S.A.,France,0.8456029734313875,29.0,cadre,0.491,Alimentation,294.0,4.477513770489764,0,medium,0,0
SUPP_296836df,Aubert,France,0.9865474444462576,24.0,cadre,0.507,Électronique,315.0,0.3228613332898167,0,high,0,0
SUPP_a8bd3161,Muller Baron S.A.R.L.,Chine,0.6359125768668354,2.0,cadre,-0.64,Vêtements,208.0,0.7281748462663291,1,low,1,0
SUPP_bfcb23e4,Guillou,Italie,0.757518142230432,12.0,cadre,0.013,"Hygiène, Alimentation",96.0,2.909782293234816,0,medium,0,0
SUPP_c6cfef44,Bernard,Allemagne,0.8717659020469123,11.0,exclusif,-0.363,Vêtements,232.0,1.4105750774839647,1,high,0,0
SUPP_6c505605,unknown,Espagne,0.8386766764477078,6.0,Narnia,-0.378,Vêtements,252.0,0.967939941313753,1,medium,0,0
SUPP_f88b269c,Coste,Italie,0.7588482197008051,14.0,cadre,-0.703,Maison,252.0,3.376124924188729,1,medium,0,0
SUPP_5a8874ca,Gérard,unknown,0.7276766753889095,41.0,cadre,-0.676,Maison,451.0,11.165256309054712,1,medium,0,0
SUPP_69d99ad7,Tanguy,Espagne,0.7224126747022667,54.0,spot,0.527,Vêtements,314.0,14.9897155660776,0,medium,0,0
SUPP_ba01239e,Barre,Portugal,0.7250601111168057,46.0,cadre,1.316,Vêtements,170.0,12.647234888626938,0,medium,0,0
SUPP_27a3acec,Courtois,États-Unis,0.8693317900880889,20.0,spot,0.092,Maison,334.0,2.6133641982382216,0,high,0,0
SUPP_718bf6e4,Pineau,Chine,0.7341642219818786,22.0,cadre,0.35,Hygiène,428.0,5.848387116398671,0,medium,0,0
SUPP_41b1adee,Roche,États-Unis,0.7624362173762226,14.0,cadre,0.061,"Vêtements, Électronique",289.0,3.3258929567328837,0,medium,0,0
SUPP_865b0c9e,Masse Jacob S.A.,France,1.0,48.0,cadre,-0.048,Hygiène,372.0,0.0,1,high,0,0
SUPP_aed38dd2,Bertrand,Chine,0.9349273326285676,6.0,spot,-0.352,Vêtements,417.0,0.39043600422859415,1,high,0,0
SUPP_b6cb477d,Vallet,Portugal,0.8165011509503037,17.0,cadre,0.885,"Maison, Alimentation",88.0,3.1194804338448368,0,medium,0,0
SUPP_6aa9da4a,Munoz,Espagne,0.7573032942212232,40.0,cadre,0.906,"Maison, Électronique",215.0,9.707868231151071,0,medium,0,0
SUPP_4a88f207,Collin,Italie,0.8907751935455475,52.0,spot,-0.281,Maison,369.0,5.679689935631532,1,high,0,0
SUPP_57321527,Costa Da Silva S.A.,France,0.883240773905552,17.0,cadre,0.486,"Hygiène, Électronique",191.0,1.984906843605616,0,high,0,0
SUPP_f930f098,Roussel,France,0.8821809962217196,43.0,cadre,-0.785,Hygiène,214.0,5.066217162466056,1,high,0,0
SUPP_bee8bcb7,Roussel,France,0.747286282417513,8.0,cadre,-0.124,"Vêtements, Maison",271.0,2.0217097406598956,1,medium,0,0
SUPP_10bae990,Garcia,Espagne,0.8125566570899954,27.0,cadre,0.31,"Hygiène, Alimentation",357.0,5.0609702585701255,0,medium,0,0
SUPP_c3e4efa1,Lejeune Bègue S.A.,France,0.8377701000933253,3.0,cadre,-0.668,Hygiène,161.0,0.48668969972002407,1,medium,0,0
SUPP_3b0b6547,Lelièvre SARL,France,0.8580197851005963,48.0,exclusif,0.305,Électronique,169.0,6.815050315171378,0,high,0,0
SUPP_28cb35ce,Ferrand,Italie,0.875979044793104,24.0,cadre,0.54,Alimentation,234.0,2.976502924965505,0,high,0,0
SUPP_c25230e4,Delahaye,France,0.9033922154548903,4.0,spot,0.23,"Maison, Vêtements",68.0,0.3864311381804386,0,high,0,0
SUPP_68d54560,unknown,unknown,0.8129834288541352,45.0,spot,-0.83,Vêtements,486.0,8.415745701563916,1,medium,0,0
SUPP_c9740262,Prévost,Italie,0.8629618219132585,23.0,cadre,0.104,"Alimentation, Hygiène",500.0,3.1518780959950536,0,high,0,0
SUPP_fa6ea6c7,unknown,Portugal,0.8471578837195373,13.0,cadre,-0.638,Maison,231.0,1.9869475116460156,1,medium,0,0
SUPP_56b9757a,Maurice SA,Chine,0.7118943459591737,30.0,cadre,0.527,Hygiène,209.0,8.64316962122479,0,medium,0,0
SUPP_0f190176,Lefort Pottier SARL,Allemagne,0.8160444846143344,50.0,spot,0.341,Alimentation,417.0,9.197775769283279,0,medium,0,0
SUPP_05404844,Letellier Robin S.A.R.L.,Chine,0.8228318376130461,36.0,exclusif,0.015,Électronique,176.0,6.3780538459303395,0,medium,0,0
SUPP_fcd741ac,Samson et Fils,Allemagne,0.9138283805975996,57.0,cadre,-0.258,Électronique,337.0,4.911782305936821,1,high,0,1
SUPP_1391e881,Hebert S.A.,Portugal,0.8296120776940983,39.0,exclusif,-0.231,Maison,190.0,6.645128969930167,1,medium,0,0
SUPP_a1aaa899,Leroy,Chine,0.8218418379189552,47.0,spot,-0.155,"Hygiène, Alimentation",480.0,8.373433617809107,1,medium,0,0
SUPP_2f365b9f,Germain SA,Allemagne,0.8422133771633712,17.0,cadre,-0.239,"Électronique, Alimentation",103.0,2.6823725882226896,1,medium,0,0
SUPP_9e033579,Pelletier,Italie,0.945575612557352,28.0,cadre,-0.447,Alimentation,304.0,1.5238828483941438,1,high,0,0
SUPP_b9b542d3,Perret,Espagne,0.801312835583864,36.0,unknown,41.27,Alimentation,252.0,7.152737918980895,0,medium,0,0
SUPP_969212a0,Moulin Laporte S.A.R.L.,Espagne,0.9646977884353732,10.0,exclusif,0.098,"Alimentation, Hygiène",441.0,0.3530221156462676,0,high,0,0
SUPP_261af11a,Picard Roger SA,Chine,0.9231844539468634,2.0,cadre,-0.743,Électronique,109.0,0.15363109210627313,1,high,0,0
SUPP_04b9217b,Legendre,Espagne,0.8467050265869258,33.0,cadre,0.445,"Hygiène, Maison",440.0,5.058734122631448,0,medium,0,0
SUPP_921700ce,Mahe Guillon S.A.,France,0.8282283989275424,3.0,spot,0.533,Alimentation,122.0,0.5153148032173728,0,medium,0,0
SUPP_05964d8d,Pinto Diaz SARL,Allemagne,0.7682711549899628,20.0,exclusif,41.293199999999985,Vêtements,252.0,4.634576900200744,0,medium,0,0
SUPP_f865f66b,Adam,Italie,1.0,9.0,cadre,-0.181,Maison,147.0,0.0,1,high,0,0
SUPP_2d13311e,Turpin SARL,Chine,0.8218418379189552,30.0,cadre,0.727,"Vêtements, Électronique",252.0,5.344744862431345,0,medium,0,0
SUPP_644e137f,Legrand Pichon SARL,Allemagne,0.9779572145730712,4.0,cadre,-0.261,Alimentation,188.0,0.08817114170771534,1,high,0,0
SUPP_d08b8199,Riou,Chine,0.7779813182904143,9.0,spot,-0.141,"Électronique, Maison",131.0,1.9981681353862715,1,medium,0,0
SUPP_192ac200,Blot,Portugal,0.6855549488965722,57.0,spot,-0.459,Hygiène,333.0,17.923367912895383,1,low,1,1
SUPP_5066a34b,Pineau,France,0.7195859233247932,15.0,spot,-0.384,Hygiène,422.0,4.206211150128102,1,medium,0,0
SUPP_f80ae591,unknown,Italie,0.8165315112613218,40.0,cadre,0.117,Vêtements,175.0,7.338739549547126,0,medium,0,0
SUPP_f19db8a5,Guillet,Italie,0.9750500492814076,56.0,cadre,-0.499,"Vêtements, Hygiène",470.0,1.3971972402411748,1,high,0,1
SUPP_695d8df9,Gomez S.A.R.L.,États-Unis,0.9184322398476584,52.0,cadre,-0.107,"Électronique, Alimentation",40.0,4.241523527921762,1,high,0,0
SUPP_5d57cabf,Bruneau,Allemagne,0.8150536290347566,47.0,cadre,0.337,"Alimentation, Hygiène",136.0,8.692479435366439,0,medium,0,0
SUPP_791bdcfd,Bonnin,France,0.70772779784377,42.0,cadre,0.191,"Maison, Hygiène",222.0,12.275432490561657,0,medium,0,0
SUPP_eda05e1f,Simon,Portugal,0.8366452208213055,58.0,spot,0.246,Électronique,216.0,9.47457719236428,0,medium,0,1
SUPP_563902bd,Paris,Portugal,0.8489168643907817,58.0,cadre,1.228,Vêtements,496.0,8.76282186533466,0,medium,0,1
SUPP_7ae58be9,Moreno et Fils,France,0.7562260015748683,51.0,spot,-0.265,Hygiène,57.0,12.432473919681717,1,medium,0,0
SUPP_417079df,Seguin et Fils,Chine,0.7576859473575235,52.0,cadre,-0.278,"Maison, Vêtements",121.0,12.600330737408779,1,medium,0,0
SUPP_9e398929,Renault,Allemagne,0.7562612872693482,55.0,cadre,0.595,"Alimentation, Maison",290.0,13.405629200185851,0,medium,0,0
SUPP_33f875d7,Seguin Benard S.A.,Chine,0.9620504247989854,52.0,cadre,-0.285,Hygiène,359.0,1.9733779104527596,1,high,0,0
SUPP_1b37457f,Legendre Deschamps et Fils,Portugal,0.7367644426895771,55.0,cadre,0.236,"Électronique, Hygiène",73.0,14.47795565207326,0,medium,0,0
SUPP_18677ed4,Techer Pereira et Fils,Espagne,0.7647776955719028,29.0,cadre,0.316,"Alimentation, Maison",362.0,6.821446828414819,0,medium,0,0
SUPP_0072e78c,Ruiz S.A.R.L.,Chine,0.84029230208513,58.0,cadre,-0.758,"Vêtements, Alimentation",345.0,9.263046479062464,1,medium,0,1
SUPP_b2a3e1af,Delorme SARL,Espagne,0.974750520133006,59.0,cadre,0.898,Électronique,36.0,1.4897193121526457,0,high,0,1
SUPP_0416e07b,Robin Collet SARL,Chine,0.8218418379189552,50.0,cadre,-0.194,Vêtements,345.0,8.907908104052243,1,medium,0,0
SUPP_dde7a4c4,Roger,France,0.8218418379189552,32.0,exclusif,0.167,Électronique,313.0,5.701061186593435,0,medium,0,0
SUPP_45d8c162,Payet Gimenez SARL,France,0.885854427267283,46.0,cadre,1.005,Maison,71.0,5.250696345704981,0,high,0,0
SUPP_41627e7a,Gaillard,unknown,0.802305277250595,16.0,extra,-0.399,"Maison, Alimentation",252.0,3.1631155639904804,1,medium,0,0
SUPP_afab23b4,Leduc,Espagne,0.6820680771985472,21.0,exclusif,-0.365,"Électronique, Vêtements",406.0,6.676570378830508,1,low,1,0
SUPP_0e85e0f9,Letellier,France,0.8166873027126202,38.0,exclusif,0.897,"Alimentation, Hygiène",342.0,6.965882496920431,0,medium,0,0
SUPP_d5305a57,Noël,Chine,0.7682388700963828,42.0,spot,0.112,Vêtements,480.0,9.733967455951921,0,medium,0,0
SUPP_15f53fb0,Sanchez,Chine,0.8183577103927248,7.0,spot,0.594,Maison,81.0,1.2714960272509268,0,medium,0,0
SUPP_e1e17290,Faivre Jean et Fils,Espagne,0.8218418379189552,29.0,Narnia,-0.265,"Hygiène, Maison",81.0,5.166586700350301,1,medium,0,0
SUPP_01d36f26,Pascal,Allemagne,0.7710560557481777,40.0,cadre,0.522,Électronique,321.0,9.157757770072891,0,medium,0,0
SUPP_7aa527d2,Robin,Chine,0.8881891489626311,44.0,spot,0.923,Électronique,115.0,4.919677445644231,0,high,0,0
SUPP_83280709,Garcia,France,0.8783928185325963,27.0,cadre,-0.18,Hygiène,37.0,3.2833938996198992,1,high,0,0
BADID,Regnier,Espagne,0.8790654830692308,17.0,cadre,0.554,"Alimentation, Maison",314.0,2.055886787823076,0,high,0,0
SUPP_ac026d82,De Sousa SARL,États-Unis,0.9020482181197363,22.0,exclusif,0.254,Électronique,450.0,2.1549392013658,0,high,0,0
SUPP_3fc18c99,Mary,Italie,0.9266674689589154,13.0,spot,0.585,"Maison, Vêtements",498.0,0.9533229035341,0,high,0,0
SUPP_3cf33d93,Diaz,Italie,0.9582158991037528,2.0,cadre,0.324,"Électronique, Hygiène",30.0,0.08356820179249436,0,high,0,0
SUPP_9fef98d7,Nicolas,Portugal,0.8032881919683145,34.0,spot,0.073,"Maison, Vêtements",226.0,6.688201473077308,0,medium,0,0
SUPP_a23b5d8e,Georges Laurent S.A.S.,Allemagne,0.9406508966508356,21.0,exclusif,-0.408,"Électronique, Alimentation",481.0,1.246331170332453,1,high,0,0
SUPP_71fe9fe0,Bourdon,Italie,0.8568673308872901,27.0,cadre,-0.197,Alimentation,400.0,3.8645820660431687,1,high,0,0
SUPP_516ab648,Jourdan Andre et Fils,Portugal,0.8228744822934817,48.0,spot,0.639,"Électronique, Vêtements",132.0,8.502024849912878,0,medium,0,0
SUPP_52d5dcde,Bonnin,États-Unis,0.8391099068019903,9.0,cadre,0.023,Électronique,321.0,1.4480108387820876,0,medium,0,0
SUPP_f7916150,Delahaye,France,0.684014385902008,47.0,exclusif,0.373,Alimentation,15.0,14.851323862605623,0,low,1,0
SUPP_98b50b03,Ferreira,Italie,0.8845484181141074,52.0,spot,1.082,Vêtements,142.0,6.003482258066413,0,high,0,0
SUPP_9bfcd6d6,unknown,Chine,0.7892221765046998,57.0,cadre,0.11,Alimentation,463.0,12.01433593923211,0,medium,0,1
SUPP_95cc6dd5,Ferreira,Allemagne,0.8449383683710755,29.0,cadre,0.789,Électronique,42.0,4.496787317238811,0,medium,0,0
SUPP_b9169873,Huet S.A.S.,Portugal,0.8104704467613048,33.0,cadre,0.14,Hygiène,194.0,6.254475256876943,0,medium,0,0
SUPP_ec07a72c,Chevallier De Sousa SARL,France,0.8807896509716538,12.0,cadre,0.093,Hygiène,62.0,1.4305241883401538,0,high,0,0
SUPP_e7b1e261,Coste,Chine,0.7753566385449471,2.0,exclusif,0.097,"Électronique, Alimentation",451.0,0.44928672291010585,0,medium,0,0
SUPP_ac0a0f63,Legros Bègue SA,Espagne,0.9273631749859772,26.0,spot,-0.513,Électronique,101.0,1.8885574503645928,1,high,0,0
SUPP_2665d689,Chauvet,Allemagne,0.8332969674146875,17.0,cadre,-0.35,"Électronique, Maison",378.0,2.833951553950312,1,medium,0,0
SUPP_4f0067f7,Guyot,Italie,0.9395046628924842,9.0,cadre,-0.762,Électronique,471.0,0.5444580339676418,1,high,0,0
SUPP_805a8682,Blot SARL,Chine,0.7641078152728411,4.0,spot,0.189,Alimentation,45.0,0.9435687389086356,0,medium,0,0
SUPP_6c2d1493,Hebert Hebert S.A.,Allemagne,0.976552402923434,37.0,cadre,-0.033,"Vêtements, Hygiène",198.0,0.8675610918329406,1,high,0,0
SUPP_e3493220,Perrin,Chine,0.7644800473306801,49.0,cadre,0.941,Hygiène,247.0,11.540477680796675,0,medium,0,0
SUPP_73fb2576,Devaux,États-Unis,0.6751986099583756,51.0,exclusif,-1.0211599999999998,Maison,471.0,16.564870892122848,1,low,1,0
SUPP_129900a2,Bonnet,France,0.8640014450053332,28.0,exclusif,-0.251,Alimentation,287.0,3.8079595398506716,1,high,0,0
SUPP_45eb54a7,Baron,États-Unis,0.7178767182869286,2.0,spot,0.354,Électronique,202.0,0.5642465634261429,0,medium,0,0
SUPP_69510e14,unknown,Allemagne,0.8443800713771198,17.0,cadre,-0.282,"Vêtements, Électronique",40.0,2.6455387865889635,1,medium,0,0
SUPP_0edfa36c,unknown,France,0.8218418379189552,60.0,cadre,0.436,"Alimentation, Vêtements",442.0,10.68948972486269,0,medium,0,1
SUPP_49bdbad5,Girard SARL,Espagne,0.8850201177958661,49.0,exclusif,-0.05,Vêtements,58.0,5.634014228002561,1,high,0,0
SUPP_0f00d8ef,Marchand Moreno S.A.,France,1.0,38.0,exclusif,-0.535,Maison,349.0,0.0,1,high,0,0
SUPP_c38ec617,Salmon S.A.S.,Allemagne,0.6674474829075261,22.0,spot,-0.346,"Alimentation, Vêtements",211.0,7.316155376034426,1,low,1,0
SUPP_ed5b0d2d,Coste Fabre S.A.,Espagne,0.8154413983644502,16.0,exclusif,0.122,"Vêtements, Hygiène",113.0,2.952937626168797,0,medium,0,0
SUPP_28dd0ba9,Becker,France,0.8218418379189552,8.0,extra,0.176,Hygiène,248.0,1.4252652966483588,0,medium,0,0
SUPP_2999db74,Godard Bernard SARL,Italie,0.6948460575809555,51.0,cadre,0.722,Électronique,167.0,15.562851063371268,0,low,1,0
SUPP_f74f2022,Dumont Gimenez SARL,France,0.8117848821607431,53.0,cadre,0.559,Électronique,433.0,9.975401245480617,0,medium,0,0
SUPP_ac3dc934,Masson Peltier SA,Allemagne,0.8542725346377704,56.0,cadre,0.228,"Hygiène, Électronique",56.0,8.160738060284856,0,high,0,1
SUPP_f34ce11d,Garcia Pelletier S.A.,Italie,0.8769767280232204,45.0,cadre,0.224,"Vêtements, Maison",429.0,5.536047238955084,0,high,0,0
SUPP_1b61686e,Durand,Chine,0.8842722759867543,37.0,spot,0.665,"Électronique, Maison",137.0,4.281925788490091,0,high,0,0
SUPP_13d305fc,Aubry Roux S.A.,Chine,0.839652116970147,10.0,exclusif,0.355,Électronique,41.0,1.6034788302985303,0,medium,0,0
BADID,unknown,France,0.8110264305712773,27.0,cadre,41.293199999999985,"Alimentation, Hygiène",332.0,5.102286374575512,0,medium,0,0
SUPP_c7d531d7,Vallet SA,États-Unis,0.752360769794073,6.0,exclusif,0.9,"Électronique, Vêtements",43.0,1.4858353812355622,0,medium,0,0
SUPP_0008410b,Pons,Chine,0.8159842049355656,7.0,spot,-0.715,Maison,434.0,1.2881105654510412,1,medium,0,0
SUPP_7c3aa2fa,Blanchet,inconnu,0.8328104414910789,5.0,inconnu,-0.341,"Électronique, Hygiène",303.0,0.8359477925446057,1,medium,0,0
SUPP_fe63581b,Sauvage S.A.S.,Espagne,0.9040643548988724,26.0,cadre,-0.326,Maison,98.0,2.494326772629318,1,high,0,0
SUPP_db3b3a27,Bonneau Bertrand et Fils,Allemagne,0.775381656678522,30.0,spot,-0.945,Alimentation,27.0,6.7385502996443405,1,medium,0,0
SUPP_16cd8392,Albert,Portugal,0.7747693680750922,33.0,cadre,-1.0211599999999998,"Hygiène, Alimentation",291.0,7.432610853521957,1,medium,0,0
SUPP_70ed95d6,Bonnet S.A.R.L.,Allemagne,0.6616097176514276,10.0,cadre,0.38,Électronique,339.0,3.383902823485724,0,low,1,0
SUPP_98d5a10a,Launay,Portugal,0.8985800158650832,53.0,cadre,0.213,"Hygiène, Alimentation",19.0,5.375259159150591,0,high,0,0
SUPP_76f40156,unknown,inconnu,0.7233023856870786,33.0,cadre,-0.024,"Vêtements, Maison",299.0,9.131021272326405,1,medium,0,0
SUPP_fc14ed2d,Legrand,Allemagne,0.8196397460909431,3.0,cadre,-0.579,Maison,122.0,0.5410807617271706,1,medium,0,0
SUPP_26c2e724,Lebrun S.A.S.,France,0.970339830176715,32.0,cadre,0.439,Vêtements,402.0,0.9491254343451203,0,high,0,0
SUPP_54aa25ce,François Marchand SARL,États-Unis,0.7979035826170335,8.0,cadre,0.013,Alimentation,133.0,1.6167713390637317,0,medium,0,0
BADID,Weber,Chine,0.8218418379189552,16.0,cadre,-1.021,Électronique,252.0,2.8505305932967175,1,medium,0,0
SUPP_c3526ec0,De Sousa,France,0.7952822617479403,39.0,cadre,-0.341,Alimentation,387.0,7.98399179183033,1,medium,0,0
SUPP_d1480191,Perrin,Chine,0.7198379990105084,24.0,spot,-0.141,"Hygiène, Électronique",298.0,6.723888023747799,1,medium,0,0
SUPP_ec2830bc,Bègue et Fils,Chine,0.9997686526849522,53.0,spot,0.32,Alimentation,262.0,0.012261407697534144,0,high,0,0
BADID,Perret Sauvage S.A.,Espagne,0.7628821010217203,7.0,unknown,0.286,Alimentation,318.0,1.659825292847958,0,medium,0,0
